time_s,axial_node,x_m,truth,without_da,with_da
5,4,0.03375,20.29455739,20.19637141,20.27713261
5,16,0.12375,20.0002916,20.00019444,19.9933866
5,28,0.21375,20.00000023,20.00000011,19.99444041
5,36,0.27375,19.99999999,19.99999999,19.99967688
10,4,0.03375,20.97867971,20.65245278,20.89709861
10,16,0.12375,20.00293148,20.0019546,20.07906681
10,28,0.21375,20.0000049,20.00000325,20.00053773
10,36,0.27375,20.00000007,20.00000004,19.99967383
15,4,0.03375,21.59469724,21.06313099,21.45515854
15,16,0.12375,20.01380005,20.00920038,20.00213369
15,28,0.21375,20.00003886,20.00002586,19.97506337
15,36,0.27375,20.00000066,20.00000043,19.99816675
20,4,0.03375,22.11277756,21.40851775,22.05191762
20,16,0.12375,20.04128155,20.02752149,20.07964303
20,28,0.21375,20.00019919,20.00013279,19.96342161
20,36,0.27375,20.00000412,20.00000274,19.99601323
25,4,0.03375,22.6287522,21.75250074,22.4567516
25,16,0.12375,20.09072388,20.06048309,20.117868
25,28,0.21375,20.00073888,20.00049257,19.95026406
25,36,0.27375,20.00001938,20.00001291,19.99305876
30,4,0.03375,23.08025126,22.05350002,22.91097792
30,16,0.12375,20.16161986,20.10774715,20.13835243
30,28,0.21375,20.00213663,20.00142444,19.92757103
30,36,0.27375,20.00007144,20.00004762,19.98894927
35,4,0.03375,23.52105903,22.3473718,23.38558951
35,16,0.12375,20.25064433,20.16709683,20.15501713
35,28,0.21375,20.00507222,20.0033815,19.89677541
35,36,0.27375,20.00021507,20.00014338,19.98338398
40,4,0.03375,23.92735646,22.61823668,23.69029762
40,16,0.12375,20.35462617,20.23641809,20.32648356
40,28,0.21375,20.0102999,20.00686666,19.8993325
40,36,0.27375,20.00054626,20.00036418,19.97840018
45,4,0.03375,24.31771788,22.87847757,24.11042511
45,16,0.12375,20.4707674,20.3138456,20.48649809
45,28,0.21375,20.01850007,20.01233345,19.90460791
45,36,0.27375,20.00120398,20.00080266,19.97422965
50,4,0.03375,24.68872235,23.12581382,24.48994835
50,16,0.12375,20.59663767,20.39775914,20.5260449
50,28,0.21375,20.03019633,20.02013099,19.89103242
50,36,0.27375,20.00235831,20.00157222,19.97004444
55,4,0.03375,25.04349194,23.36232683,24.96055545
55,16,0.12375,20.7302996,20.48686711,20.71902052
55,28,0.21375,20.04574115,20.03049422,19.89944881
55,36,0.27375,20.00419043,20.00279364,19.96709071
60,4,0.03375,25.38594992,23.5906321,25.23808926
60,16,0.12375,20.87016272,20.5801092,20.79893946
60,28,0.21375,20.06533481,20.04355668,19.89948433
60,36,0.27375,20.00687228,20.00458154,19.96469304
65,4,0.03375,25.71399834,23.80933101,25.53209213
65,16,0.12375,21.01494138,20.67662832,21.02047916
65,28,0.21375,20.08905194,20.05936811,19.92913346
65,36,0.27375,20.01055216,20.0070348,19.96447557
70,4,0.03375,26.03301351,24.02200774,25.81782286
70,16,0.12375,21.16360101,20.77573475,21.18239157
70,28,0.21375,20.11687006,20.07791355,19.95850491
70,36,0.27375,20.01534689,20.0102313,19.96622379
75,4,0.03375,26.33993384,24.22662128,26.15280404
75,16,0.12375,21.31529477,20.87686393,21.3007366
75,28,0.21375,20.14869425,20.09912969,19.98127086
75,36,0.27375,20.02133956,20.01422642,19.96948252
80,4,0.03375,26.63945114,24.42629943,26.44561516
80,16,0.12375,21.46933731,20.97955897,21.56192534
80,28,0.21375,20.18437777,20.12291872,20.03515706
80,36,0.27375,20.02858082,20.01905393,19.97570015
85,4,0.03375,26.92900679,24.61933651,26.77289357
85,16,0.12375,21.62516495,21.08344406,21.57235155
85,28,0.21375,20.22373816,20.14915899,20.04728631
85,36,0.27375,20.03709241,20.02472833,19.98211434
90,4,0.03375,27.21209454,24.80806164,27.09967768
90,16,0.12375,21.78231517,21.18821088,21.72126502
90,28,0.21375,20.26657005,20.1777136,20.07725563
90,36,0.27375,20.0468715,20.03124773,19.98952364
95,4,0.03375,27.48697543,24.99131555,27.34757592
95,16,0.12375,21.9404059,21.29360469,21.84246176
95,28,0.21375,20.31265461,20.20843664,20.10758027
95,36,0.27375,20.05789542,20.03859701,19.99748178
100,4,0.03375,27.75603558,25.17068896,27.53378812
100,16,0.12375,22.09911961,21.39941384,22.10891337
100,28,0.21375,20.36176695,20.24117822,20.17326391
100,36,0.27375,20.07012592,20.04675068,20.00787532
105,4,0.03375,28.01826287,25.34550712,27.89735345
105,16,0.12375,22.25819215,21.5054622,22.26681254
105,28,0.21375,20.4136814,20.27578786,20.22240205
105,36,0.27375,20.08351317,20.05567552,20.01958754
110,4,0.03375,28.27519274,25.51679368,28.11294528
110,16,0.12375,22.41740185,21.611602,22.40232799
110,28,0.21375,20.46817555,20.3121173,20.27292839
110,36,0.27375,20.09799908,20.0653328,20.03270184
115,4,0.03375,28.52634458,25.68422822,28.29788652
115,16,0.12375,22.5765626,21.71770916,22.54061584
115,28,0.21375,20.52503297,20.35002225,20.32713869
115,36,0.27375,20.11352009,20.07568014,20.04708389
120,4,0.03375,28.77265937,25.84843807,28.58830669
120,16,0.12375,22.73551702,21.82367877,22.78833238
120,28,0.21375,20.58404526,20.38936379,20.40110263
120,36,0.27375,20.13000942,20.08667304,20.06354943
125,4,0.03375,29.01400351,26.00933414,28.87727464
125,16,0.12375,22.89413176,21.92942193,22.80607079
125,28,0.21375,20.64501329,20.43000914,20.43495916
125,36,0.27375,20.14739889,20.09826602,20.07954692
130,4,0.03375,29.25092765,26.16728355,29.11141405
130,16,0.12375,23.05229329,22.03486295,23.03298544
130,28,0.21375,20.70774804,20.47183232,20.50313196
130,36,0.27375,20.16562029,20.11041362,20.09690618
135,4,0.03375,29.4835036,26.32233417,29.29127266
135,16,0.12375,23.20990461,22.13993716,23.2405274
135,28,0.21375,20.77207101,20.5147143,20.57869559
135,36,0.27375,20.18460644,20.12307105,20.1156709
140,4,0.03375,29.71203824,26.47469058,29.60354762
140,16,0.12375,23.36688266,22.24458919,23.41342286
140,28,0.21375,20.83781438,20.55854322,20.64752233
140,36,0.27375,20.20429197,20.13619474,20.13543789
145,4,0.03375,29.93671112,26.62447249,29.73850742
145,16,0.12375,23.52315602,22.34877143,23.50775333
145,28,0.21375,20.90482089,20.60321423,20.70837727
145,36,0.27375,20.22461391,20.14974271,20.15565902
150,4,0.03375,30.15768403,26.77178774,30.01455251
150,16,0.12375,23.67866323,22.4524429,23.72740474
150,28,0.21375,20.97294371,20.64862945,20.78652391
150,36,0.27375,20.24551205,20.1636748,20.17711434
155,4,0.03375,30.37518176,26.91678622,30.19407724
155,16,0.12375,23.83335121,22.55556821,23.82412873
155,28,0.21375,21.04204603,20.69469766,20.84860965
155,36,0.27375,20.26692916,20.17795288,20.19865414
160,4,0.03375,30.58928429,27.05952123,30.38004993
160,16,0.12375,23.98717415,22.65811683,23.92735398
160,28,0.21375,21.11200071,20.74133412,20.90852631
160,36,0.27375,20.28881118,20.19254089,20.22009895
165,4,0.03375,30.80022445,27.20014799,30.67898394
165,16,0.12375,24.14009239,22.76006233,24.20791534
165,28,0.21375,21.1826898,20.78846018,20.99721333
165,36,0.27375,20.31110723,20.20740493,20.24290991
170,4,0.03375,31.00803928,27.3386912,30.84359139
170,16,0.12375,24.2920717,22.86138186,24.34223936
170,28,0.21375,21.25400411,20.83600305,21.07129004
170,36,0.27375,20.33376962,20.22251318,20.26615864
175,4,0.03375,31.21294928,27.47529785,31.07616672
175,16,0.12375,24.44308246,22.9620557,24.41088874
175,28,0.21375,21.32584264,20.88389541,21.12808885
175,36,0.27375,20.35675377,20.23783595,20.28893104
180,4,0.03375,31.4149714,27.60997925,31.27195719
180,16,0.12375,24.59309914,23.06206681,24.66995064
180,28,0.21375,21.39811222,20.93207513,21.21880216
180,36,0.27375,20.38001815,20.25334554,20.31301574
185,4,0.03375,31.61430415,27.74286775,31.45119863
185,16,0.12375,24.74209976,23.16140056,24.82037861
185,28,0.21375,21.47072686,20.98048489,21.29802367
185,36,0.27375,20.40352415,20.26901621,20.33758038
190,4,0.03375,31.81095705,27.87396967,31.52004775
190,16,0.12375,24.89006551,23.26004439,24.93114252
190,28,0.21375,21.54360744,21.02907194,21.37491314
190,36,0.27375,20.42723593,20.28482406,20.36257126
195,4,0.03375,32.00510335,28.00340053,31.85063779
195,16,0.12375,25.03698032,23.35798759,25.02210447
195,28,0.21375,21.61668112,21.07778772,21.43450491
195,36,0.27375,20.45112031,20.30074698,20.38689035
200,4,0.03375,32.19675162,28.13116603,32.04797183
200,16,0.12375,25.18283059,23.4552211,25.08344675
200,28,0.21375,21.68988102,21.12658766,21.48536913
200,36,0.27375,20.47514661,20.31676452,20.40995801
205,4,0.03375,32.38605018,28.25736506,32.21721346
205,16,0.12375,25.3276049,23.5517373,25.34546815
205,28,0.21375,21.76314572,21.17543079,21.57340664
205,36,0.27375,20.49928652,20.33285779,20.4337715
210,4,0.03375,32.57300952,28.38200461,32.49163777
210,16,0.12375,25.47129382,23.64752991,25.44538892
210,28,0.21375,21.8364189,21.22427958,21.634343
210,36,0.27375,20.52351392,20.34900939,20.45680658
215,4,0.03375,32.75775515,28.50516836,32.5628823
215,16,0.12375,25.61388961,23.74259377,25.58881872
215,28,0.21375,21.90964899,21.27309964,21.70844812
215,36,0.27375,20.54780478,20.36520329,20.48011103
220,4,0.03375,32.94030042,28.6268652,32.82935083
220,16,0.12375,25.75538616,23.83692479,25.77182034
220,28,0.21375,21.98278879,21.3218595,21.78519699
220,36,0.27375,20.57213697,20.38142475,20.50377553
225,4,0.03375,33.12075085,28.74716547,32.93596132
225,16,0.12375,25.89577871,23.93051982,25.92145362
225,28,0.21375,22.05579514,21.3705304,21.8640426
225,36,0.27375,20.59649021,20.39766025,20.527985
230,4,0.03375,33.29912252,28.86607991,33.14441734
230,16,0.12375,26.03506381,24.02337655,26.08350085
230,28,0.21375,22.12862868,21.41908609,21.94313732
230,36,0.27375,20.62084585,20.41389734,20.55270423
235,4,0.03375,33.475504,28.98366756,33.28377015
235,16,0.12375,26.17323912,24.11549343,26.15688834
235,28,0.21375,22.20125346,21.46750261,22.00762415
235,36,0.27375,20.64518682,20.43012465,20.57707598
240,4,0.03375,33.64991355,29.09994059,33.47694222
240,16,0.12375,26.31030339,24.2068696,26.23715178
240,28,0.21375,22.27363678,21.51575816,22.06591906
240,36,0.27375,20.66949749,20.44633177,20.60067338
245,4,0.03375,33.8224256,29.21494861,33.67909914
245,16,0.12375,26.44625624,24.29750482,26.45929706
245,28,0.21375,22.34574889,21.56383289,22.14816743
245,36,0.27375,20.69376357,20.46250915,20.62475381
250,4,0.03375,33.99305993,29.32870483,33.83667346
250,16,0.12375,26.58109816,24.38739944,26.56939177
250,28,0.21375,22.41756276,21.61170881,22.21629738
250,36,0.27375,20.717972,20.47864811,20.64849795
255,4,0.03375,34.1618793,29.44125107,33.93544583
255,16,0.12375,26.71483041,24.47655427,26.69380132
255,28,0.21375,22.48905389,21.65936956,22.28854038
255,36,0.27375,20.74211088,20.49474069,20.67231905
260,4,0.03375,34.32890439,29.55260112,34.15578948
260,16,0.12375,26.84745495,24.56497062,26.80737126
260,28,0.21375,22.5602001,21.70680036,22.353526
260,36,0.27375,20.76616936,20.51077967,20.69578805
265,4,0.03375,34.49418842,29.66279047,34.32645945
265,16,0.12375,26.97897434,24.65265021,26.99915913
265,28,0.21375,22.63098135,21.75398786,22.43376219
265,36,0.27375,20.79013756,20.52675848,20.71979166
270,4,0.03375,34.65775241,29.77183312,34.59388314
270,16,0.12375,27.10939171,24.73959512,27.11815993
270,28,0.21375,22.70137959,21.80092002,22.49879842
270,36,0.27375,20.81400654,20.54267113,20.74340321
275,4,0.03375,34.81964186,29.87975942,34.67706033
275,16,0.12375,27.23871073,24.8258078,27.23497681
275,28,0.21375,22.77137855,21.84758599,22.56817813
275,36,0.27375,20.83776815,20.5585122,20.7669625
280,4,0.03375,34.97987767,29.98658328,34.72853866
280,16,0.12375,27.36693551,24.91129098,27.36563502
280,28,0.21375,22.84096368,21.89397608,22.64363447
280,36,0.27375,20.86141503,20.57427679,20.79076291
285,4,0.03375,35.13849908,30.09233088,34.97613165
285,16,0.12375,27.49407057,24.99604768,27.61719889
285,28,0.21375,22.91012194,21.94008158,22.73740491
285,36,0.27375,20.88494055,20.58996047,20.81585232
290,4,0.03375,35.29552657,30.19701587,35.12548026
290,16,0.12375,27.62012085,25.0800812,27.63526519
290,28,0.21375,22.97884173,21.98589477,22.79404446
290,36,0.27375,20.9083387,20.60555923,20.840122
295,4,0.03375,35.45099431,30.30066102,35.29504127
295,16,0.12375,27.74509157,25.16339501,27.68666439
295,28,0.21375,23.04711274,22.03140877,22.84617053
295,36,0.27375,20.9316041,20.6210695,20.86337417
300,4,0.03375,35.60492214,30.40327957,35.50291897
300,16,0.12375,27.86898832,25.24599284,27.90659298
300,28,0.21375,23.11492586,22.07661752,22.92476357
300,36,0.27375,20.9547319,20.63648803,20.88689454
305,4,0.03375,35.75734011,30.50489155,35.64355992
305,16,0.12375,27.99181692,25.32787856,27.9463667
305,28,0.21375,23.1822731,22.12151568,22.97629123
305,36,0.27375,20.97771778,20.65181195,20.90914075
310,4,0.03375,35.90826731,30.60550968,35.82806653
310,16,0.12375,28.11358345,25.40905625,28.04352187
310,28,0.21375,23.24914747,22.16609859,23.03082765
310,36,0.27375,21.00055789,20.66703869,20.93052231
315,4,0.03375,36.05773043,30.70515175,35.92665986
315,16,0.12375,28.23429422,25.48953009,28.34375685
315,28,0.21375,23.31554292,22.21036222,23.12963586
315,36,0.27375,21.0232488,20.68216596,20.95358068
320,4,0.03375,36.20574772,30.80382994,36.00259818
320,16,0.12375,28.35395573,25.56930443,28.32571761
320,28,0.21375,23.38145425,22.25430311,23.18040926
320,36,0.27375,21.0457875,20.69719176,20.97568935
325,4,0.03375,36.35234313,30.90156021,36.20217615
325,16,0.12375,28.47257466,25.64838371,28.44738234
325,28,0.21375,23.44687705,22.2979183,23.24290219
325,36,0.27375,21.06817133,20.71211432,20.99775929
330,4,0.03375,36.49753406,30.99835415,36.26219809
330,16,0.12375,28.59015784,25.72677249,28.59361289
330,28,0.21375,23.51180763,22.34120536,23.31594314
330,36,0.27375,21.09039797,20.72693207,21.02018008
335,4,0.03375,36.64134219,31.09422624,36.4283135
335,16,0.12375,28.70671223,25.80447542,28.73037674
335,28,0.21375,23.57624297,22.38416225,23.38640075
335,36,0.27375,21.11246541,20.7416437,21.04279612
340,4,0.03375,36.78378409,31.1891875,36.57329068
340,16,0.12375,28.82224493,25.88149721,28.89976235
340,28,0.21375,23.64018065,22.42678737,23.46470531
340,36,0.27375,21.13437193,20.75624804,21.06607351
345,4,0.03375,36.92487956,31.28325115,36.72658296
345,16,0.12375,28.93676314,25.95784268,28.92068337
345,28,0.21375,23.70361881,22.46907947,23.51499215
345,36,0.27375,21.15611605,20.77074413,21.0884181
350,4,0.03375,37.06464437,31.37642767,36.9499683
350,16,0.12375,29.05027413,26.03351667,28.98877366
350,28,0.21375,23.7665561,22.51103766,23.56207005
350,36,0.27375,21.17769657,20.78513114,21.10964328
355,4,0.03375,37.20309675,31.46872926,37.05343845
355,16,0.12375,29.16278527,26.10852409,29.22809507
355,28,0.21375,23.82899162,22.55266134,23.64476166
355,36,0.27375,21.19911247,20.79940841,21.13164034
360,4,0.03375,37.3402517,31.56016589,37.10241044
360,16,0.12375,29.27430398,26.1828699,29.28358594
360,28,0.21375,23.89092494,22.59395022,23.70444864
360,36,0.27375,21.22036296,20.81357539,21.15315403
365,4,0.03375,37.47612616,31.65074886,37.32844326
365,16,0.12375,29.38483775,26.25655907,29.42391316
365,28,0.21375,23.95235598,22.63490424,23.76970047
365,36,0.27375,21.2414474,20.82763169,21.17475338
370,4,0.03375,37.6107344,31.74048768,37.3940074
370,16,0.12375,29.49439411,26.32959664,29.42843331
370,28,0.21375,24.01328503,22.67552361,23.81382352
370,36,0.27375,21.26236537,20.841577,21.19522193
375,4,0.03375,37.74409225,31.82939291,37.61155574
375,16,0.12375,29.60298061,26.40198764,29.61779611
375,28,0.21375,24.07371271,22.71580873,23.88161749
375,36,0.27375,21.28311656,20.85541113,21.21592706
380,4,0.03375,37.87621332,31.91747362,37.72993155
380,16,0.12375,29.71060485,26.47373713,29.72796595
380,28,0.21375,24.13363995,22.75576022,23.9424773
380,36,0.27375,21.30370082,20.86913397,21.23639315
385,4,0.03375,38.0071125,32.00473973,37.81558236
385,16,0.12375,29.81727444,26.54485019,29.82887075
385,28,0.21375,24.19306791,22.79537886,24.00345249
385,36,0.27375,21.32411814,20.88274551,21.25681565
390,4,0.03375,38.13680278,32.09119992,37.99624007
390,16,0.12375,29.922997,26.61533189,29.88733679
390,28,0.21375,24.25199806,22.83466562,24.05124315
390,36,0.27375,21.34436861,20.89624583,21.27647591
395,4,0.03375,38.26529825,32.17686356,38.20031575
395,16,0.12375,30.02778015,26.68518732,30.05143952
395,28,0.21375,24.31043203,22.8736216,24.11380515
395,36,0.27375,21.36445243,20.90963504,21.29624809
400,4,0.03375,38.39261134,32.26173895,38.17585816
400,16,0.12375,30.13163152,26.75442157,30.16448784
400,28,0.21375,24.3683717,22.91224804,24.18043833
400,36,0.27375,21.38436992,20.92291337,21.31633136
405,4,0.03375,38.51875544,32.34583501,38.31107353
405,16,0.12375,30.23455875,26.82303971,30.27390177
405,28,0.21375,24.42581911,22.95054631,24.24333002
405,36,0.27375,21.40412147,20.93608106,21.3366191
410,4,0.03375,38.64374246,32.42915969,38.545471
410,16,0.12375,30.33656943,26.89104683,30.29560265
410,28,0.21375,24.48277649,22.9885179,24.28191168
410,36,0.27375,21.42370755,20.94913845,21.35577051
415,4,0.03375,38.76758517,32.51172149,38.6579825
415,16,0.12375,30.43767117,26.95844799,30.45827008
415,28,0.21375,24.5392462,23.02616437,24.34519996
415,36,0.27375,21.44312872,20.96208589,21.37516925
420,4,0.03375,38.89029504,32.59352807,38.77081288
420,16,0.12375,30.53787155,27.02524824,30.63273571
420,28,0.21375,24.59523075,23.0634874,24.41711326
420,36,0.27375,21.46238559,20.97492381,21.39517919
425,4,0.03375,39.01188428,32.67458756,38.84614945
425,16,0.12375,30.63717812,27.09145262,30.59951174
425,28,0.21375,24.65073277,23.10048875,24.45375962
425,36,0.27375,21.48147886,20.98765265,21.41395137
430,4,0.03375,39.13236394,32.75490733,38.93431602
430,16,0.12375,30.73559841,27.15706614,30.69483748
430,28,0.21375,24.705755,23.13717023,24.50581759
430,36,0.27375,21.50040925,21.00027291,21.4324785
435,4,0.03375,39.25174576,32.8344952,39.08960401
435,16,0.12375,30.83313994,27.22209382,30.85017681
435,28,0.21375,24.76030029,23.17353376,24.56787946
435,36,0.27375,21.51917755,21.01278512,21.45119405
440,4,0.03375,39.37004038,32.91335828,39.22369668
440,16,0.12375,30.92981016,27.28654063,30.97119558
440,28,0.21375,24.81437155,23.20958127,24.62748461
440,36,0.27375,21.53778461,21.02518982,21.4700413
445,4,0.03375,39.48725914,32.99150411,39.32647707
445,16,0.12375,31.02561652,27.35041154,31.09827746
445,28,0.21375,24.86797182,23.24531477,24.69086394
445,36,0.27375,21.55623128,21.0374876,21.48932484
450,4,0.03375,39.60341231,33.06893956,39.42476052
450,16,0.12375,31.12056641,27.41371146,31.25658843
450,28,0.21375,24.92110415,23.28073633,24.76318651
450,36,0.27375,21.5745185,21.04967908,21.50956206
455,4,0.03375,39.42395287,32.94929993,39.34256872
455,16,0.12375,31.21437574,27.47625102,31.1715705
455,28,0.21375,24.97377134,23.31584778,24.78861373
455,36,0.27375,21.59264718,21.06176487,21.52804832
460,4,0.03375,38.85388387,32.56925393,38.75229121
460,16,0.12375,31.3049956,27.53666425,31.32909258
460,28,0.21375,25.02597273,23.35064871,24.86118088
460,36,0.27375,21.61061826,21.07374558,21.54748748
465,4,0.03375,38.35088564,32.23392178,38.30933039
465,16,0.12375,31.38655172,27.59103499,31.42226413
465,28,0.21375,25.07768631,23.38512443,24.92969655
465,36,0.27375,21.62843226,21.08562158,21.56741656
470,4,0.03375,37.94480028,31.96319821,37.94898246
470,16,0.12375,31.45066783,27.63377906,31.44703427
470,28,0.21375,25.12881862,23.41921264,24.98832822
470,36,0.27375,21.64608787,21.09739199,21.5875109
475,4,0.03375,37.53980647,31.69320233,37.49308547
475,16,0.12375,31.49200281,27.66133571,31.41628343
475,28,0.21375,25.17911972,23.4527467,25.04034153
475,36,0.27375,21.66357721,21.10905155,21.60740796
480,4,0.03375,37.19828352,31.46552037,37.16508556
480,16,0.12375,31.5110713,27.67404803,31.55385101
480,28,0.21375,25.2281145,23.48540989,25.12257447
480,36,0.27375,21.68087632,21.12058429,21.6287513
485,4,0.03375,36.86645706,31.24430272,36.87566777
485,16,0.12375,31.51120535,27.6741374,31.44896917
485,28,0.21375,25.27512634,23.51675112,25.16390205
485,36,0.27375,21.69793155,21.13195443,21.64908975
490,4,0.03375,36.5681553,31.04543489,36.57149899
490,16,0.12375,31.4955833,27.66372269,31.51480215
490,28,0.21375,25.31940455,23.54626992,25.23175388
490,36,0.27375,21.71464795,21.14309871,21.67004453
495,4,0.03375,36.28481359,30.85654041,36.23780978
495,16,0.12375,31.46701002,27.64467383,31.47472476
495,28,0.21375,25.36027201,23.5735149,25.28556875
495,36,0.27375,21.73088771,21.15392521,21.69061199
500,4,0.03375,36.01986177,30.67990586,36.02309866
500,16,0.12375,31.4279229,27.61861575,31.37077387
500,28,0.21375,25.39720866,23.59813933,25.31815694
500,36,0.27375,21.74648182,21.16432128,21.70970155
505,4,0.03375,35.77018719,30.51345614,35.78430557
505,16,0.12375,31.38026616,27.58684459,31.40829814
505,28,0.21375,25.42986536,23.61991046,25.37135769
505,36,0.27375,21.76125025,21.1741669,21.72846301
510,4,0.03375,35.53187526,30.35458152,35.58179017
510,16,0.12375,31.32563719,27.55042527,31.37831312
510,28,0.21375,25.45804536,23.63869713,25.41259331
510,36,0.27375,21.77502216,21.18334818,21.74621762
515,4,0.03375,35.30703313,30.20468676,35.24033007
515,16,0.12375,31.26532838,27.51021939,31.21846916
515,28,0.21375,25.4816774,23.65445183,25.43092224
515,36,0.27375,21.7876504,21.191767,21.76191413
520,4,0.03375,35.09029298,30.06019332,35.11371051
520,16,0.12375,31.20038111,27.46692121,31.22604434
520,28,0.21375,25.50078745,23.66719186,25.46415122
520,36,0.27375,21.79901928,21.19934626,21.77654793
525,4,0.03375,34.88472532,29.92314822,34.89747671
525,16,0.12375,31.13164887,27.42109972,31.32424916
525,28,0.21375,25.51547384,23.67698279,25.52046529
525,36,0.27375,21.80904688,21.20603132,21.79152826
530,4,0.03375,34.68564668,29.79042911,34.70982501
530,16,0.12375,31.0598237,27.37321626,31.11664679
530,28,0.21375,25.52588678,23.68392475,25.52146103
530,36,0.27375,21.81768365,21.21178918,21.8039736
535,4,0.03375,34.49562439,29.66374759,34.54138262
535,16,0.12375,30.98547585,27.32365102,31.01804496
535,28,0.21375,25.53221213,23.68814165,25.52680088
535,36,0.27375,21.82490904,21.2166061,21.81448006
540,4,0.03375,34.31117281,29.54077986,34.29389836
540,16,0.12375,30.90907439,27.27271672,30.94702407
540,28,0.21375,25.53465871,23.6897727,25.53558246
540,36,0.27375,21.83072698,21.22048473,21.82320901
545,4,0.03375,34.13403945,29.42269096,34.09631228
545,16,0.12375,30.83100788,27.22067238,30.81917693
545,28,0.21375,25.53344874,23.68896605,25.52936252
545,36,0.27375,21.83516132,21.22344095,21.82958128
550,4,0.03375,33.96184612,29.3078954,33.93638727
550,16,0.12375,30.7516003,27.16773399,30.75569184
550,28,0.21375,25.52881052,23.68587391,25.52772077
550,36,0.27375,21.83825143,21.22550103,21.8342264
555,4,0.03375,33.79561331,29.19707352,33.9160535
555,16,0.12375,30.67112216,27.11408189,30.57779807
555,28,0.21375,25.52097311,23.68064896,25.49337053
555,36,0.27375,21.84004829,21.22669893,21.83562254
560,4,0.03375,33.63381331,29.08920685,33.67514617
560,16,0.12375,30.5898015,27.05986812,30.5091409
560,28,0.21375,25.51016229,23.67344175,25.47810895
560,36,0.27375,21.84061112,21.22707415,21.83526239
565,4,0.03375,33.47693493,28.98462126,33.45337224
565,16,0.12375,30.50783068,27.0052209,30.56224765
565,28,0.21375,25.49659785,23.66439879,25.490282
565,36,0.27375,21.84000462,21.22666982,21.83494173
570,4,0.03375,33.32404476,28.88269448,33.33103991
570,16,0.12375,30.42537332,26.95024933,30.37151885
570,28,0.21375,25.48049154,23.65366125,25.45823151
570,36,0.27375,21.83829669,21.2255312,21.83260729
575,4,0.03375,33.17528444,28.78352093,33.13747231
575,16,0.12375,30.34256895,26.89504641,30.37651267
575,28,0.21375,25.46204581,23.6413641,25.45735362
575,36,0.27375,21.83555666,21.22370451,21.83046455
580,4,0.03375,33.03011073,28.68673845,32.99212085
580,16,0.12375,30.25953723,26.83969193,30.27038212
580,28,0.21375,25.44145298,23.62763554,25.43785659
580,36,0.27375,21.83185385,21.22123597,21.82743952
585,4,0.03375,32.88845968,28.59230442,32.8909666
585,16,0.12375,30.17638123,26.78425459,30.14380257
585,28,0.21375,25.41889485,23.61259679,25.40713551
585,36,0.27375,21.82725655,21.2181711,21.82312579
590,4,0.03375,32.75003168,28.50001908,32.85492756
590,16,0.12375,30.09319002,26.72879378,30.12488417
590,28,0.21375,25.39454251,23.5963619,25.3885957
590,36,0.27375,21.82183124,21.21455423,21.81822692
595,4,0.03375,32.61465489,28.40976788,32.51396387
595,16,0.12375,30.01004101,26.67336111,30.01934492
595,28,0.21375,25.36855646,23.57903786,25.36877554
595,36,0.27375,21.81564199,21.21042807,21.81278434
600,4,0.03375,32.48217462,28.3214477,32.44633973
600,16,0.12375,29.92700158,26.61800149,29.96963592
600,28,0.21375,25.34108676,23.56072473,25.34969214
600,36,0.27375,21.80875014,21.2058335,21.80702247
605,4,0.03375,32.64693161,28.43128569,32.56217838
605,16,0.12375,29.84442213,26.56294851,29.83868838
605,28,0.21375,25.31227381,23.54151609,25.31292387
605,36,0.27375,21.80121399,21.2008094,21.80008824
610,4,0.03375,33.20385976,28.80257112,33.11465349
610,16,0.12375,29.76441054,26.50960745,29.80771132
610,28,0.21375,25.28225175,23.52150139,25.28027854
610,36,0.27375,21.79308875,21.19539257,21.79230254
615,4,0.03375,33.69506393,29.13004057,33.5058386
615,16,0.12375,29.69289375,26.46192959,29.67617866
615,28,0.21375,25.25116697,23.50077819,25.22826652
615,36,0.27375,21.78442685,21.18961797,21.78256871
620,4,0.03375,34.09068147,29.39378558,33.9292053
620,16,0.12375,29.63829526,26.4255306,29.60565589
620,28,0.21375,25.21922853,23.47948591,25.17415578
620,36,0.27375,21.77527939,21.18351966,21.77093684
625,4,0.03375,34.48633072,29.65755175,34.42427608
625,16,0.12375,29.60599863,26.40399951,29.62623742
625,28,0.21375,25.18679382,23.45786276,25.12737359
625,36,0.27375,21.76570094,21.17713403,21.75794669
630,4,0.03375,34.81963153,29.87975228,34.60576334
630,16,0.12375,29.59552755,26.39701879,29.64142233
630,28,0.21375,25.15443758,23.43629194,25.09080155
630,36,0.27375,21.75575909,21.17050613,21.7444628
635,4,0.03375,35.14417684,30.09611582,35.09476211
635,16,0.12375,29.60358458,26.40239014,29.65522821
635,28,0.21375,25.12292885,23.41528612,25.04290266
635,36,0.27375,21.74554829,21.16369893,21.73012754
640,4,0.03375,35.43614466,30.29076102,35.20919438
640,16,0.12375,29.62702282,26.41801563,29.60282603
640,28,0.21375,25.0931039,23.39540282,24.99340403
640,36,0.27375,21.73520139,21.156801,21.71514872
645,4,0.03375,35.71394305,30.47595995,35.62576374
645,16,0.12375,29.6630659,26.44204435,29.62771351
645,28,0.21375,25.06571913,23.3771463,24.94436847
645,36,0.27375,21.72489158,21.14992779,21.69962307
650,4,0.03375,35.97414896,30.64943055,35.84005576
650,16,0.12375,29.70930243,26.47286871,29.74800567
650,28,0.21375,25.04136788,23.36091214,24.92191562
650,36,0.27375,21.71482065,21.14321384,21.68513336
655,4,0.03375,36.21974302,30.81315992,36.01945083
655,16,0.12375,29.76381187,26.50920833,29.76087369
655,28,0.21375,25.02046718,23.34697833,24.88949927
655,36,0.27375,21.70519913,21.13679949,21.67116835
660,4,0.03375,36.45464431,30.96976078,36.13961249
660,16,0.12375,29.8250185,26.55001275,29.77379739
660,28,0.21375,25.00327644,23.33551784,24.86119604
660,36,0.27375,21.69622607,21.13081745,21.65811171
665,4,0.03375,36.67663615,31.11775533,36.50832407
665,16,0.12375,29.89164968,26.59443353,29.82930597
665,28,0.21375,24.98992491,23.32661681,24.83122524
665,36,0.27375,21.68807484,21.1253833,21.64572848
670,4,0.03375,36.89108767,31.26072301,36.818308
670,16,0.12375,29.96268219,26.64178854,29.89116986
670,28,0.21375,24.98044015,23.32029364,24.80343153
670,36,0.27375,21.68088535,21.12059031,21.63398798
675,4,0.03375,37.09483842,31.39655684,36.91711193
675,16,0.12375,30.03727915,26.69151985,30.04381403
675,28,0.21375,24.97477331,23.31651574,24.80592918
675,36,0.27375,21.67476199,21.11650806,21.62442669
680,4,0.03375,37.29257016,31.528378,37.21376791
680,16,0.12375,30.1147638,26.74317628,30.04300423
680,28,0.21375,24.97281986,23.31521345,24.7807441
680,36,0.27375,21.66977502,21.11318342,21.61531469
685,4,0.03375,37.48164226,31.65442606,37.38507363
685,16,0.12375,30.19457987,26.79638699,30.19507718
685,28,0.21375,24.97443615,23.31629097,24.7872033
685,36,0.27375,21.66596423,21.11064289,21.60841582
690,4,0.03375,37.66553612,31.77702197,37.46107701
690,16,0.12375,30.2762712,26.85084788,30.29937998
690,28,0.21375,24.97945229,23.31963506,24.7994761
690,36,0.27375,21.6633434,21.10889567,21.60370789
695,4,0.03375,37.84244481,31.89496109,37.69820815
695,16,0.12375,30.35946107,26.90630779,30.32948218
695,28,0.21375,24.98768203,23.32512155,24.79602819
695,36,0.27375,21.6619051,21.1079368,21.60015603
700,4,0.03375,38.01474044,32.00982484,37.86242983
700,16,0.12375,30.44383643,26.96255803,30.42457289
700,28,0.21375,24.99893025,23.33262036,24.80555799
700,36,0.27375,21.66162509,21.10775013,21.59821362
705,4,0.03375,38.18135446,32.12090085,38.02889332
705,16,0.12375,30.5291368,27.01942494,30.56224538
705,28,0.21375,25.01299854,23.34199922,24.82786929
705,36,0.27375,21.6624664,21.108311,21.59821832
710,4,0.03375,38.34380735,32.22920278,38.27028877
710,16,0.12375,30.61514342,27.07676268,30.55329688
710,28,0.21375,25.02968938,23.35312645,24.82264503
710,36,0.27375,21.6643827,21.10958854,21.59833325
715,4,0.03375,38.50157145,32.33437884,38.45961856
715,16,0.12375,30.70167246,27.13444871,30.60408263
715,28,0.21375,25.04880909,23.36587292,24.82415556
715,36,0.27375,21.66732125,21.11154756,21.59876355
720,4,0.03375,38.65557235,32.4370461,38.49377028
720,16,0.12375,30.78856819,27.1923792,30.81795076
720,28,0.21375,25.07017,23.38011352,24.86714803
720,36,0.27375,21.67122513,21.11415016,21.60155546
725,4,0.03375,38.805637,32.53708921,38.66720312
725,16,0.12375,30.87569836,27.25046597,30.84460552
725,28,0.21375,25.09359187,23.3957281,24.88156319
725,36,0.27375,21.67603523,21.11735689,21.60494096
730,4,0.03375,38.95230069,32.63486499,38.78748881
730,16,0.12375,30.96295001,27.30863374,30.93829285
730,28,0.21375,25.11890289,23.41260211,24.90777881
730,36,0.27375,21.68169157,21.12112778,21.60964884
735,4,0.03375,39.09560191,32.73039914,38.90717956
735,16,0.12375,31.0502263,27.36681793,31.09271206
735,28,0.21375,25.14594019,23.43062697,24.9496663
735,36,0.27375,21.68813455,21.1254231,21.6162506
740,4,0.03375,39.23583252,32.82388621,39.09809897
740,16,0.12375,31.13744385,27.42496297,31.10282899
740,28,0.21375,25.17455014,23.44970028,24.96535436
740,36,0.27375,21.69530566,21.13020384,21.62304258
745,4,0.03375,39.37314371,32.915427,39.26022689
745,16,0.12375,31.22453059,27.48302079,31.23989495
745,28,0.21375,25.20458836,23.46972575,25.00139901
745,36,0.27375,21.70314822,21.13543221,21.63100221
750,4,0.03375,39.50768276,33.0051197,39.3906527
750,16,0.12375,31.31142403,27.54094975,31.34291388
750,28,0.21375,25.23591966,23.49061329,25.03700273
750,36,0.27375,21.7116077,21.14107186,21.63979194
755,4,0.03375,39.63965015,33.09309796,39.44413011
755,16,0.12375,31.39806975,27.59871356,31.37008403
755,28,0.21375,25.26841774,23.51227867,25.06323986
755,36,0.27375,21.7206321,21.14708813,21.6488061
760,4,0.03375,39.76911201,33.17940586,39.64821614
760,16,0.12375,31.48442033,27.65628061,31.51493886
760,28,0.21375,25.30196494,23.53464347,25.10445728
760,36,0.27375,21.73017205,21.15344809,21.65876364
765,4,0.03375,39.89628008,33.26418457,39.7379144
765,16,0.12375,31.57043422,27.7136232,31.57631832
765,28,0.21375,25.33645185,23.55763474,25.13760914
765,36,0.27375,21.74018095,21.16012069,21.6690615
770,4,0.03375,40.02117832,33.34745007,39.93067593
770,16,0.12375,31.65607506,27.7707171,31.62652307
770,28,0.21375,25.37177691,23.58118478,25.16282032
770,36,0.27375,21.75061496,21.1670767,21.6791942
775,4,0.03375,40.14400878,33.42933704,40.01663768
775,16,0.12375,31.7413109,27.82754099,31.73119899
775,28,0.21375,25.40784599,23.60523082,25.20054868
775,36,0.27375,21.76143302,21.17428874,21.68976548
780,4,0.03375,40.26477607,33.50984857,40.09554378
780,16,0.12375,31.82611369,27.88407618,31.88104924
780,28,0.21375,25.44457197,23.62971481,25.2521351
780,36,0.27375,21.77259673,21.18173121,21.70146315
785,4,0.03375,40.38366244,33.58910614,40.26620667
785,16,0.12375,31.91045873,27.94030621,31.95115461
785,28,0.21375,25.48187431,23.65458304,25.28968256
785,36,0.27375,21.78407031,21.18938027,21.71348023
790,4,0.03375,40.50066579,33.66710838,40.40959906
790,16,0.12375,31.99432436,27.99621662,31.99539839
790,28,0.21375,25.51967866,23.67978593,25.32001483
790,36,0.27375,21.79582047,21.1972137,21.72541288
795,4,0.03375,40.6159449,33.74396111,40.49632411
795,16,0.12375,32.07769148,28.0517947,32.06219016
795,28,0.21375,25.5579164,23.70527776,25.35411645
795,36,0.27375,21.80781629,21.20521092,21.73732424
800,4,0.03375,40.72949744,33.81966281,40.59149244
800,16,0.12375,32.16054337,28.10702929,32.15404551
800,28,0.21375,25.59652431,23.73101637,25.39333992
800,36,0.27375,21.82002913,21.21335281,21.74938784
805,4,0.03375,40.84145871,33.89430365,40.68922031
805,16,0.12375,32.24286538,28.16191063,32.27262257
805,28,0.21375,25.63544417,23.75696294,25.43999971
805,36,0.27375,21.83243246,21.2216217,21.7620144
810,4,0.03375,40.95182902,33.96788386,40.74831174
810,16,0.12375,32.32464468,28.21643017,32.42925468
810,28,0.21375,25.6746224,23.78308176,25.50027073
810,36,0.27375,21.84500176,21.23000123,21.77600226
815,4,0.03375,41.06072204,34.0404792,40.85584027
815,16,0.12375,32.40587014,28.27058047,32.34522698
815,28,0.21375,25.71400975,23.80933999,25.51530227
815,36,0.27375,21.85771439,21.23847632,21.78878054
820,4,0.03375,41.16814157,34.11209222,41.06556269
820,16,0.12375,32.48653208,28.3243551,32.52609004
820,28,0.21375,25.75356097,23.83570747,25.56532814
820,36,0.27375,21.87054945,21.24703302,21.80231068
825,4,0.03375,41.2741823,34.18278604,41.14645399
825,16,0.12375,32.56662218,28.37774849,32.59806859
825,28,0.21375,25.79323452,23.8621565,25.6053192
825,36,0.27375,21.88348771,21.25565853,21.81572075
830,4,0.03375,41.37885137,34.25256541,41.22520943
830,16,0.12375,32.64613331,28.43075591,32.60128787
830,28,0.21375,25.83299232,23.8886617,25.63137227
830,36,0.27375,21.89651144,21.26434101,21.82835036
835,4,0.03375,41.48222734,34.32148273,41.33212261
835,16,0.12375,32.72505944,28.48337333,32.69121958
835,28,0.21375,25.87279941,23.91519976,25.66866666
835,36,0.27375,21.90960433,21.27306961,21.84083587
840,4,0.03375,41.58432009,34.38954456,41.47736222
840,16,0.12375,32.80339553,28.53559739,32.79604038
840,28,0.21375,25.91262384,23.94174938,25.70869865
840,36,0.27375,21.92275141,21.28183433,21.85332474
845,4,0.03375,41.68519474,34.45679433,41.48911295
845,16,0.12375,32.88113741,28.58742531,32.86508375
845,28,0.21375,25.95243632,23.96829103,25.74954867
845,36,0.27375,21.93593891,21.29062599,21.86595126
850,4,0.03375,41.78486316,34.52323994,41.65072404
850,16,0.12375,32.95828175,28.63885487,32.930111
850,28,0.21375,25.9922101,23.99480688,25.78414476
850,36,0.27375,21.94915421,21.29943619,21.87842284
855,4,0.03375,41.88337944,34.58891746,41.68450874
855,16,0.12375,33.03482594,28.68988433,33.0470058
855,28,0.21375,26.03192073,24.02128063,25.83304387
855,36,0.27375,21.96238573,21.3082572,21.89157828
860,4,0.03375,41.98075675,34.65383566,41.83707128
860,16,0.12375,33.11076803,28.74051239,33.08545346
860,28,0.21375,26.0715459,24.04769741,25.8650876
860,36,0.27375,21.97562286,21.31708196,21.90439111
865,4,0.03375,42.0770402,34.71802463,41.89538423
865,16,0.12375,33.18610668,28.79073815,33.19769714
865,28,0.21375,26.11106527,24.07404366,25.91200365
865,36,0.27375,21.9888559,21.32590399,21.91774783
870,4,0.03375,42.17224367,34.78149361,41.94618741
870,16,0.12375,33.26084113,28.84056112,33.19051465
870,28,0.21375,26.15046034,24.10030704,25.9388685
870,36,0.27375,22.00207597,21.33471737,21.93040515
875,4,0.03375,42.26640501,34.84426783,42.07260395
875,16,0.12375,33.33497109,28.88998109,33.32427793
875,28,0.21375,26.18971425,24.12647631,25.98540595
875,36,0.27375,22.01527496,21.34351669,21.94353287
880,4,0.03375,42.35953832,34.9063567,42.21144104
880,16,0.12375,33.40849673,28.93899818,33.48227471
880,28,0.21375,26.22881171,24.15254128,26.04055857
880,36,0.27375,22.02844548,21.35229703,21.95749855
885,4,0.03375,42.45167559,34.96778155,42.33689809
885,16,0.12375,33.48141864,28.98761279,33.47344684
885,28,0.21375,26.26773884,24.1784927,26.06691507
885,36,0.27375,22.04158075,21.36105389,21.97074821
890,4,0.03375,42.54283082,35.0285517,42.38833244
890,16,0.12375,33.5537378,29.03582557,33.50363903
890,28,0.21375,26.30648308,24.2043222,26.09652347
890,36,0.27375,22.05467465,21.36978315,21.98349587
895,4,0.03375,42.63303126,35.08868533,42.47695765
895,16,0.12375,33.62545552,29.08363738,33.61101481
895,28,0.21375,26.34503309,24.2300222,26.13845929
895,36,0.27375,22.06772159,21.37848111,21.99630376
900,4,0.03375,42.72229058,35.14819154,42.58419322
900,16,0.12375,33.69657343,29.13104931,33.65524333
900,28,0.21375,26.38337862,24.25558589,26.16982731
900,36,0.27375,22.08071647,21.38714436,22.00858863
