of_case,of_time,of_time_s,n_solid_cells,solid_T_min_K,solid_T_max_K,node_T_min_K,node_T_max_K,coordinate_translation_x_m,coordinate_translation_y_m,coordinate_translation_z_m,reference_temperature_K,top_face_mean_Uz_mm,top_face_max_Uz_mm,top_face_mean_Ux_mm,top_face_ux_spread_mm,max_displacement_magnitude_mm
/mnt/d/work/002_cae/openfoam/20260505_datadoka/sample/101_0_openfoam_cht_radiation_box,0,0.0,128,293.15,293.15,293.1499999999999,293.15000000000003,-0.4,-0.4,0.0,293.15,0.0,0.0,0.0,0.0,0.0
/mnt/d/work/002_cae/openfoam/20260505_datadoka/sample/101_0_openfoam_cht_radiation_box,5,5.0,128,293.14993,293.17689,293.14994220789004,293.16778834412344,-0.4,-0.4,0.0,293.15,8.564156403229196e-06,2.6688696927099106e-05,-3.271650212914274e-05,2.241942955518091e-06,4.329093782454413e-05
/mnt/d/work/002_cae/openfoam/20260505_datadoka/sample/101_0_openfoam_cht_radiation_box,10,10.0,128,293.14986,293.20226,293.149889502401,293.18482087740875,-0.4,-0.4,0.0,293.15,1.7187773402740546e-05,5.3118631672998124e-05,-6.494505907755406e-05,4.364021955122724e-06,8.597190398311065e-05
/mnt/d/work/002_cae/openfoam/20260505_datadoka/sample/101_0_openfoam_cht_radiation_box,15,15.0,128,293.14979,293.22632,293.1498346756427,293.20119267129513,-0.4,-0.4,0.0,293.15,2.5846348356400888e-05,7.930129764181861e-05,-9.675211249408963e-05,6.374925234127419e-06,0.00012810911316725218
/mnt/d/work/002_cae/openfoam/20260505_datadoka/sample/101_0_openfoam_cht_radiation_box,20,20.0,128,293.14973,293.24916,293.1497849355053,293.21693711917806,-0.4,-0.4,0.0,293.15,3.454011651575406e-05,0.00010522563557035733,-0.00012809080960410007,8.285530772959295e-06,0.00016966400772317887
/mnt/d/work/002_cae/openfoam/20260505_datadoka/sample/101_0_openfoam_cht_radiation_box,25,25.0,128,293.14967,293.27084,293.1497391780438,293.2320730526177,-0.4,-0.4,0.0,293.15,4.327310340087871e-05,0.0001308977491352356,-0.0001589697650747505,1.0078433576391364e-05,0.00021063908348599024
/mnt/d/work/002_cae/openfoam/20260505_datadoka/sample/101_0_openfoam_cht_radiation_box,30,30.0,128,293.14961,293.29146,293.14969342058214,293.2466448687403,-0.4,-0.4,0.0,293.15,5.202947033007301e-05,0.00015630590847424565,-0.00018938281165650441,1.1768055997096869e-05,0.00025103034052151356
/mnt/d/work/002_cae/openfoam/20260505_datadoka/sample/101_0_openfoam_cht_radiation_box,35,35.0,128,293.14955,293.31107,293.1496507150931,293.2606746837546,-0.4,-0.4,0.0,293.15,6.080980729871917e-05,0.00018145660155211525,-0.00021934394035505719,1.3354471356371553e-05,0.0002908537497385183
/mnt/d/work/002_cae/openfoam/20260505_datadoka/sample/101_0_openfoam_cht_radiation_box,40,40.0,128,293.1495,293.32976,293.14961699227985,293.2741947599241,-0.4,-0.4,0.0,293.15,6.96108927783242e-05,0.00020634841595692054,-0.00024884241244703273,1.4837554160199725e-05,0.00033010002910461504
/mnt/d/work/002_cae/openfoam/20260505_datadoka/sample/101_0_openfoam_cht_radiation_box,45,45.0,128,293.14944,293.34757,293.14958539073587,293.2872275055675,-0.4,-0.4,0.0,293.15,7.843339787925049e-05,0.00023097803604365787,-0.0002778739558432011,1.6208859762820933e-05,0.00036876021355954975
/mnt/d/work/002_cae/openfoam/20260505_datadoka/sample/101_0_openfoam_cht_radiation_box,50,50.0,128,293.14939,293.36457,293.14955777186765,293.2998027559758,-0.4,-0.4,0.0,293.15,8.726364354677984e-05,0.0002553462551196853,-0.0003064561595361623,1.7494193067074313e-05,0.0004068621298934967
/mnt/d/work/002_cae/openfoam/20260505_datadoka/sample/101_0_openfoam_cht_radiation_box,55,55.0,128,293.14934,293.38081,293.1495422742687,293.31194220784676,-0.4,-0.4,0.0,293.15,9.611002396858601e-05,0.00027945790029939606,-0.00033457314020766645,1.867222926393121e-05,0.0004443856936783979
/mnt/d/work/002_cae/openfoam/20260505_datadoka/sample/101_0_openfoam_cht_radiation_box,60,60.0,128,293.14929,293.39634,293.1495298286422,293.32367013090544,-0.4,-0.4,0.0,293.15,0.00010497186722265626,0.0003033195309886668,-0.00036224668923128477,1.9964782287695652e-05,0.00048135766656897864
/mnt/d/work/002_cae/openfoam/20260505_datadoka/sample/101_0_openfoam_cht_radiation_box,65,65.0,128,293.14924,293.41121,293.14951631473724,293.33500736417386,-0.4,-0.4,0.0,293.15,0.00011383482102858519,0.0003269179440918333,-0.0003894678985223309,2.1241170813388328e-05,0.0005177656630199904
/mnt/d/work/002_cae/openfoam/20260505_datadoka/sample/101_0_openfoam_cht_radiation_box,70,70.0,128,293.14919,293.42545,293.1495066191677,293.34597018483873,-0.4,-0.4,0.0,293.15,0.00012271171419831487,0.00035026753791705695,-0.00041624604593634994,2.2458090354902475e-05,0.0005536270561001888
/mnt/d/work/002_cae/openfoam/20260505_datadoka/sample/101_0_openfoam_cht_radiation_box,75,75.0,128,293.14914,293.43912,293.14948766967274,293.3565870049494,-0.4,-0.4,0.0,293.15,0.00013159082623169895,0.00037337344542622724,-0.00044259006736513536,2.362067290459778e-05,0.0005889524743272264
/mnt/d/work/002_cae/openfoam/20260505_datadoka/sample/101_0_openfoam_cht_radiation_box,80,80.0,128,293.14909,293.45223,293.1494763683251,293.36686652866524,-0.4,-0.4,0.0,293.15,0.0001404791607935758,0.0003962343495720556,-0.0004685070426628474,2.472422551953131e-05,0.000623749297854976
/mnt/d/work/002_cae/openfoam/20260505_datadoka/sample/101_0_openfoam_cht_radiation_box,85,85.0,128,293.14905,293.46484,293.149466653711,293.3768290294421,-0.4,-0.4,0.0,293.15,0.00014937054597557547,0.0004188446395903563,-0.0004939733153962408,2.576816841292197e-05,0.0006579933859047215
/mnt/d/work/002_cae/openfoam/20260505_datadoka/sample/101_0_openfoam_cht_radiation_box,90,90.0,128,293.14901,293.47696,293.14946469317954,293.38649421517016,-0.4,-0.4,0.0,293.15,0.00015826828573979606,0.0004412278835050144,-0.0005190379890297956,2.675815237056572e-05,0.0006917446031637861
/mnt/d/work/002_cae/openfoam/20260505_datadoka/sample/101_0_openfoam_cht_radiation_box,95,95.0,128,293.14897,293.48864,293.1494666540796,293.39587235930526,-0.4,-0.4,0.0,293.15,0.00016715981198936434,0.0004633631987386933,-0.0005436812871484319,2.769773955064894e-05,0.0007249751324845053
/mnt/d/work/002_cae/openfoam/20260505_datadoka/sample/101_0_openfoam_cht_radiation_box,100,100.0,128,293.14893,293.49989,293.1494739889619,293.4049790274135,-0.4,-0.4,0.0,293.15,0.0001760613869426832,0.0004852767515988116,-0.0005679180694346092,2.8581557570540793e-05,0.0007577119182817086
/mnt/d/work/002_cae/openfoam/20260505_datadoka/sample/101_0_openfoam_cht_radiation_box,105,105.0,128,293.1489,293.51074,293.1494818224871,293.41382306970905,-0.4,-0.4,0.0,293.15,0.0001849608932426603,0.0005069543519676084,-0.0005917468032047004,2.9405518030601173e-05,0.0007899419500545586
/mnt/d/work/002_cae/openfoam/20260505_datadoka/sample/101_0_openfoam_cht_radiation_box,110,110.0,128,293.14887,293.52121,293.149496616728,293.42242576337856,-0.4,-0.4,0.0,293.15,0.0001938635631602128,0.0005284166675048243,-0.0006151947265993586,3.0186299691102127e-05,0.0008217123004130186
/mnt/d/work/002_cae/openfoam/20260505_datadoka/sample/101_0_openfoam_cht_radiation_box,115,115.0,128,293.14884,293.53134,293.149521250428,293.4307926739881,-0.4,-0.4,0.0,293.15,0.0002027631511433502,0.0005496453506116033,-0.0006382263800618896,3.1640147883800836e-05,0.0008529768108439047
/mnt/d/work/002_cae/openfoam/20260505_datadoka/sample/101_0_openfoam_cht_radiation_box,120,120.0,128,293.14881,293.54112,293.14955084824777,293.4389377978068,-0.4,-0.4,0.0,293.15,0.00021166715386649026,0.0005706648088787891,-0.0006608831397915544,3.3231782075138965e-05,0.0008837851724651815
/mnt/d/work/002_cae/openfoam/20260505_datadoka/sample/101_0_openfoam_cht_radiation_box,125,125.0,128,293.14879,293.5506,293.14958636409506,293.4468732696972,-0.4,-0.4,0.0,293.15,0.00022056820608480632,0.0005914764985066492,-0.0006831813278545675,3.4824956449547455e-05,0.0009141557205742651
/mnt/d/work/002_cae/openfoam/20260505_datadoka/sample/101_0_openfoam_cht_radiation_box,130,130.0,128,293.14878,293.55977,293.1496329226306,293.45460065895617,-0.4,-0.4,0.0,293.15,0.0002294670936964308,0.0006120641832088987,-0.0007050815146475868,3.6423237577124836e-05,0.0009440437581285538
/mnt/d/work/002_cae/openfoam/20260505_datadoka/sample/101_0_openfoam_cht_radiation_box,135,135.0,128,293.14877,293.56867,293.14968340259765,293.46213967347364,-0.4,-0.4,0.0,293.15,0.00023836535094608018,0.0006324527215112553,-0.0007266270361590488,3.802213404907299e-05,0.0009735057661895492
/mnt/d/work/002_cae/openfoam/20260505_datadoka/sample/101_0_openfoam_cht_radiation_box,140,140.0,128,293.14876,293.5773,293.1497476434553,293.4694951671946,-0.4,-0.4,0.0,293.15,0.00024726619772899274,0.0006526406116779613,-0.0007478099240308415,3.9621813178477726e-05,0.001002529371983403
/mnt/d/work/002_cae/openfoam/20260505_datadoka/sample/101_0_openfoam_cht_radiation_box,145,145.0,128,293.14876,293.58567,293.14981900556967,293.4766687094159,-0.4,-0.4,0.0,293.15,0.00025615621728701597,0.0006726191429983063,-0.0007686356053539453,4.1223963467997476e-05,0.0010311201061849844
/mnt/d/work/002_cae/openfoam/20260505_datadoka/sample/101_0_openfoam_cht_radiation_box,150,150.0,128,293.14876,293.59381,293.1498982105471,293.48367829267585,-0.4,-0.4,0.0,293.15,0.0002650489176140234,0.0006924054634227881,-0.000789117118149505,4.28237423423798e-05,0.0010592974135528017
/mnt/d/work/002_cae/openfoam/20260505_datadoka/sample/101_0_openfoam_cht_radiation_box,155,155.0,128,293.14877,293.60172,293.1499874155246,293.4905256323261,-0.4,-0.4,0.0,293.15,0.00027394004165246985,0.0007119980570777371,-0.0008092580108586289,4.44223599933824e-05,0.0010870649872251352
/mnt/d/work/002_cae/openfoam/20260505_datadoka/sample/101_0_openfoam_cht_radiation_box,160,160.0,128,293.14879,293.60942,293.1500894992453,293.4972188669602,-0.4,-0.4,0.0,293.15,0.000282829491798317,0.0007314049607318119,-0.0008290624219253513,4.6023607802636715e-05,0.0011144340471048347
/mnt/d/work/002_cae/openfoam/20260505_datadoka/sample/101_0_openfoam_cht_radiation_box,165,165.0,128,293.14881,293.61692,293.1501975897741,293.50376699284715,-0.4,-0.4,0.0,293.15,0.0002917182187480036,0.0007506315768528018,-0.0008485363753438999,4.7621781919327e-05,0.0011414099442533861
/mnt/d/work/002_cae/openfoam/20260505_datadoka/sample/101_0_openfoam_cht_radiation_box,170,170.0,128,293.14884,293.62422,293.1503185590462,293.51017329463525,-0.4,-0.4,0.0,293.15,0.00030060066423527365,0.0007696684094772245,-0.0008676910417000572,4.92148437147418e-05,0.0011679998783239976
/mnt/d/work/002_cae/openfoam/20260505_datadoka/sample/101_0_openfoam_cht_radiation_box,175,175.0,128,293.14888,293.63134,293.15045057100644,293.5164434839457,-0.4,-0.4,0.0,293.15,0.00030948163886237415,0.0007885261351673164,-0.0008865168886489619,5.08105298810431e-05,0.0011941997365703214
/mnt/d/work/002_cae/openfoam/20260505_datadoka/sample/101_0_openfoam_cht_radiation_box,180,180.0,128,293.14892,293.63828,293.1505913797376,293.5225841300749,-0.4,-0.4,0.0,293.15,0.00031836049060029163,0.0008072094004393844,-0.0009050428097003361,5.2403445623365024e-05,0.0012200379187226893
/mnt/d/work/002_cae/openfoam/20260505_datadoka/sample/101_0_openfoam_cht_radiation_box,185,185.0,128,293.14898,293.64505,293.15074531653346,293.52859851767124,-0.4,-0.4,0.0,293.15,0.0003272351273253969,0.0008257119065499962,-0.0009232392607764773,5.398902757019424e-05,0.0012454944883683358
/mnt/d/work/002_cae/openfoam/20260505_datadoka/sample/101_0_openfoam_cht_radiation_box,190,190.0,128,293.14904,293.65167,293.15091213207256,293.53449564300405,-0.4,-0.4,0.0,293.15,0.0003361079924004683,0.0008440554997975504,-0.0009411524573651483,5.557799431719801e-05,0.0012706098091665916
/mnt/d/work/002_cae/openfoam/20260505_datadoka/sample/101_0_openfoam_cht_radiation_box,195,195.0,128,293.14911,293.65813,293.15108695101577,293.54027550607316,-0.4,-0.4,0.0,293.15,0.00034498072613657556,0.0008622381523819804,-0.0009587759201279222,5.716659257944148e-05,0.0012953853002902773
/mnt/d/work/002_cae/openfoam/20260505_datadoka/sample/101_0_openfoam_cht_radiation_box,200,200.0,128,293.14919,293.66445,293.1512746487022,293.54594553385124,-0.4,-0.4,0.0,293.15,0.00035384439947849024,0.000880239060038155,-0.0009760839672953502,5.8748484211741585e-05,0.0013197897560550188
/mnt/d/work/002_cae/openfoam/20260505_datadoka/sample/101_0_openfoam_cht_radiation_box,205,205.0,128,293.14928,293.67063,293.15147747104936,293.55150815331075,-0.4,-0.4,0.0,293.15,0.000362710860646446,0.0008980877673292415,-0.0009931039262105438,6.032734444938842e-05,0.001343857641789455
/mnt/d/work/002_cae/openfoam/20260505_datadoka/sample/101_0_openfoam_cht_radiation_box,210,210.0,128,293.14938,293.67668,293.1516901328556,293.5569740760726,-0.4,-0.4,0.0,293.15,0.00037156817341504997,0.000915780118319519,-0.0010098643029214345,6.190106406210344e-05,0.0013676142679005213
/mnt/d/work/002_cae/openfoam/20260505_datadoka/sample/101_0_openfoam_cht_radiation_box,215,215.0,128,293.14949,293.6826,293.15191567340514,293.5623358751641,-0.4,-0.4,0.0,293.15,0.00038042907536409496,0.0009333175180989103,-0.0010263302724778892,6.34760563756558e-05,0.0013910319933584914
/mnt/d/work/002_cae/openfoam/20260505_datadoka/sample/101_0_openfoam_cht_radiation_box,220,220.0,128,293.14961,293.6884,293.1521522566429,293.5676066891788,-0.4,-0.4,0.0,293.15,0.0003892829882792099,0.0009507061023819802,-0.0010425425948770595,6.558740451236694e-05,0.0014141474452349482
/mnt/d/work/002_cae/openfoam/20260505_datadoka/sample/101_0_openfoam_cht_radiation_box,225,225.0,128,293.14974,293.69408,293.1524039645414,293.5727808064958,-0.4,-0.4,0.0,293.15,0.00039813183563193764,0.0009679362106605016,-0.0010584727383327254,6.772988598350043e-05,0.0014369340146686191
/mnt/d/work/002_cae/openfoam/20260505_datadoka/sample/101_0_openfoam_cht_radiation_box,230,230.0,128,293.14988,293.69965,293.1526665545872,293.5778722233843,-0.4,-0.4,0.0,293.15,0.00040698423789349277,0.0009850265982243795,-0.0010741396815520414,6.988460085564283e-05,0.001459417619334509
/mnt/d/work/002_cae/openfoam/20260505_datadoka/sample/101_0_openfoam_cht_radiation_box,235,235.0,128,293.15003,293.70512,293.15293399586346,293.582877509141,-0.4,-0.4,0.0,293.15,0.00041582921400239636,0.0010019775078640187,-0.001089565817916445,7.20466120604646e-05,0.0014816190209095731
/mnt/d/work/002_cae/openfoam/20260505_datadoka/sample/101_0_openfoam_cht_radiation_box,240,240.0,128,293.15019,293.71048,293.153209451094,293.58780009446923,-0.4,-0.4,0.0,293.15,0.00042466766756133433,0.0010187786074569063,-0.0011047307913169394,7.421413210935798e-05,0.0015035164966678814
/mnt/d/work/002_cae/openfoam/20260505_datadoka/sample/101_0_openfoam_cht_radiation_box,245,245.0,128,293.15036,293.71574,293.1535028716762,293.5926399793689,-0.4,-0.4,0.0,293.15,0.00043350830257425416,0.0010354326368954571,-0.00111960920477034,7.639880510023536e-05,0.0015250879822255763
/mnt/d/work/002_cae/openfoam/20260505_datadoka/sample/101_0_openfoam_cht_radiation_box,250,250.0,128,293.15055,293.72091,293.15380832690664,293.5974103024335,-0.4,-0.4,0.0,293.15,0.00044234768736499787,0.0010519712785471422,-0.0011342878024035268,7.85869539798316e-05,0.0015464275596061884
/mnt/d/work/002_cae/openfoam/20260505_datadoka/sample/101_0_openfoam_cht_radiation_box,255,255.0,128,293.15075,293.72599,293.1541237821373,293.60210192133883,-0.4,-0.4,0.0,293.15,0.00045117815229484405,0.0010683611672101664,-0.00114870933995908,8.078409297306683e-05,0.0015674657510528804
/mnt/d/work/002_cae/openfoam/20260505_datadoka/sample/101_0_openfoam_cht_radiation_box,260,260.0,128,293.15096,293.73098,293.15445127201616,293.6067206937607,-0.4,-0.4,0.0,293.15,0.0004600062015391467,0.0010846240638680694,-0.0011628979544428912,8.298900867804144e-05,0.0015882371224897952
/mnt/d/work/002_cae/openfoam/20260505_datadoka/sample/101_0_openfoam_cht_radiation_box,265,265.0,128,293.15118,293.73589,293.15479469259833,293.61127576202324,-0.4,-0.4,0.0,293.15,0.00046883625393098294,0.0011007657929439363,-0.0011768609308396118,8.519965165693837e-05,0.0016087531516264981
/mnt/d/work/002_cae/openfoam/20260505_datadoka/sample/101_0_openfoam_cht_radiation_box,270,270.0,128,293.15141,293.74071,293.1551462517739,293.61575955309905,-0.4,-0.4,0.0,293.15,0.00047765630788437215,0.0011167639541179433,-0.0011905759533840257,8.742056899470305e-05,0.0016289815143754214
/mnt/d/work/002_cae/openfoam/20260505_datadoka/sample/101_0_openfoam_cht_radiation_box,275,275.0,128,293.15166,293.74546,293.1555157763011,293.62018120931225,-0.4,-0.4,0.0,293.15,0.0004864794155440899,0.0011326534190167006,-0.0012040852310592903,8.964301316976851e-05,0.0016489781501676857
/mnt/d/work/002_cae/openfoam/20260505_datadoka/sample/101_0_openfoam_cht_radiation_box,280,280.0,128,293.15192,293.75013,293.1558973354767,293.62453658833874,-0.4,-0.4,0.0,293.15,0.0004952965801823686,0.00114840830886745,-0.0012173566069774765,9.186981921680043e-05,0.0016687022281181765
/mnt/d/work/002_cae/openfoam/20260505_datadoka/sample/101_0_openfoam_cht_radiation_box,285,285.0,128,293.15219,293.75472,293.1562888946523,293.6288315478542,-0.4,-0.4,0.0,293.15,0.0005041126470395033,0.0011640493787064624,-0.0012304242798700483,9.410344298577595e-05,0.0016881946467203549
/mnt/d/work/002_cae/openfoam/20260505_datadoka/sample/101_0_openfoam_cht_radiation_box,290,290.0,128,293.15248,293.75925,293.15669841917946,293.633070084128,-0.4,-0.4,0.0,293.15,0.0005129239746722452,0.0011795692855173028,-0.001243264869523147,9.634417605576567e-05,0.001707429206611452
/mnt/d/work/002_cae/openfoam/20260505_datadoka/sample/101_0_openfoam_cht_radiation_box,295,295.0,128,293.15278,293.76371,293.15711608230004,293.63724891251167,-0.4,-0.4,0.0,293.15,0.0005217275036923309,0.001194968196582288,-0.0012559077077977422,9.858818951972738e-05,0.0017264331653822477
/mnt/d/work/002_cae/openfoam/20260505_datadoka/sample/101_0_openfoam_cht_radiation_box,300,300.0,128,293.15309,293.7681,293.1575476414756,293.64137389068117,-0.4,-0.4,0.0,293.15,0.0005305373966436078,0.0012102624788062142,-0.0012683328654995993,0.00010083888203943887,0.0017452021901509277
/mnt/d/work/002_cae/openfoam/20260505_datadoka/sample/101_0_openfoam_cht_radiation_box,305,305.0,128,293.15341,293.74825,293.1579951313545,293.6294343808889,-0.4,-0.4,0.0,293.15,0.0005315468847501724,0.0012013104462486512,-0.0012511573006931667,0.00010313424465953907,0.001724971964298078
/mnt/d/work/002_cae/openfoam/20260505_datadoka/sample/101_0_openfoam_cht_radiation_box,310,310.0,128,293.15375,293.72699,293.1584527944751,293.6163275933557,-0.4,-0.4,0.0,293.15,0.0005316483071161264,0.00118981333422095,-0.0012309478707297722,0.00010646729882435102,0.001700769196347166
/mnt/d/work/002_cae/openfoam/20260505_datadoka/sample/101_0_openfoam_cht_radiation_box,315,315.0,128,293.1541,293.707,293.15892435365066,293.6038415452215,-0.4,-0.4,0.0,293.15,0.0005317030283463895,0.0011784521346556744,-0.0012109766885601803,0.00011010312048950616,0.0016769085402453146
/mnt/d/work/002_cae/openfoam/20260505_datadoka/sample/101_0_openfoam_cht_radiation_box,320,320.0,128,293.15447,293.68819,293.1594120167712,293.5919411277391,-0.4,-0.4,0.0,293.15,0.0005317185556288738,0.001167237542912557,-0.0011912574903818083,0.00011361385758284256,0.0016534082185057542
/mnt/d/work/002_cae/openfoam/20260505_datadoka/sample/101_0_openfoam_cht_radiation_box,325,325.0,128,293.15484,293.67047,293.15990561059516,293.58059280145824,-0.4,-0.4,0.0,293.15,0.0005316936789875847,0.0011561752289215963,-0.0011718258485350218,0.00011700435147607816,0.001630293755490641
/mnt/d/work/002_cae/openfoam/20260505_datadoka/sample/101_0_openfoam_cht_radiation_box,330,330.0,128,293.15524,293.65378,293.1604192044191,293.56977202319763,-0.4,-0.4,0.0,293.15,0.0005316410710374319,0.0011452707707142724,-0.00115264565206114,0.00012028951800093621,0.0016075458897325176
/mnt/d/work/002_cae/openfoam/20260505_datadoka/sample/101_0_openfoam_cht_radiation_box,335,335.0,128,293.15564,293.63804,293.160942798243,293.5594499613971,-0.4,-0.4,0.0,293.15,0.0005315650622348312,0.0011345310346370977,-0.001133756900667302,0.00012346265102480673,0.001585197477272287
/mnt/d/work/002_cae/openfoam/20260505_datadoka/sample/101_0_openfoam_cht_radiation_box,340,340.0,128,293.15606,293.62319,293.1614763920669,293.5495952114687,-0.4,-0.4,0.0,293.15,0.0005314603606142381,0.00112394798139317,-0.0011151474904871003,0.00012653481962507387,0.001563233821662124
/mnt/d/work/002_cae/openfoam/20260505_datadoka/sample/101_0_openfoam_cht_radiation_box,345,345.0,128,293.15649,293.60916,293.16202591659413,293.540180511149,-0.4,-0.4,0.0,293.15,0.0005313381383849266,0.0011135319650829516,-0.0010968192707004442,0.00012951444037137002,0.0015416600900887267
/mnt/d/work/002_cae/openfoam/20260505_datadoka/sample/101_0_openfoam_cht_radiation_box,350,350.0,128,293.15693,293.59591,293.16257951041797,293.5311933060643,-0.4,-0.4,0.0,293.15,0.0005311985383894648,0.0011032889253928047,-0.001078797303440263,0.0001324006017365148,0.0015205009163457071
/mnt/d/work/002_cae/openfoam/20260505_datadoka/sample/101_0_openfoam_cht_radiation_box,355,355.0,128,293.15739,293.58337,293.16315106959365,293.5225970455721,-0.4,-0.4,0.0,293.15,0.0005310403721744029,0.0010931962799484393,-0.0010610207291923564,0.00013520893039006035,0.0014996913381661759
/mnt/d/work/002_cae/openfoam/20260505_datadoka/sample/101_0_openfoam_cht_radiation_box,360,360.0,128,293.15786,293.5715,293.16372855947253,293.5143748869195,-0.4,-0.4,0.0,293.15,0.0005308628037236045,0.0010832663601039654,-0.0010435502744172453,0.0001379287569236063,0.0014792880389651428
/mnt/d/work/002_cae/openfoam/20260505_datadoka/sample/101_0_openfoam_cht_radiation_box,365,365.0,128,293.15835,293.56025,293.164324014703,293.50650841805714,-0.4,-0.4,0.0,293.15,0.0005306843067595093,0.0010735130723737267,-0.001026353872333444,0.000140577928165541,0.001459271392498714
/mnt/d/work/002_cae/openfoam/20260505_datadoka/sample/101_0_openfoam_cht_radiation_box,370,370.0,128,293.15885,293.54958,293.1649235392302,293.49897579623246,-0.4,-0.4,0.0,293.15,0.0005304876591365244,0.001063913023048075,-0.0010094342774265162,0.0001431467640996823,0.0014396291947854339
/mnt/d/work/002_cae/openfoam/20260505_datadoka/sample/101_0_openfoam_cht_radiation_box,375,375.0,128,293.15936,293.53946,293.16553289051575,293.491759174962,-0.4,-0.4,0.0,293.15,0.0005302809351247099,0.0010544747652127208,-0.0009928006701629439,0.00014564840659705815,0.0014203693823517285
/mnt/d/work/002_cae/openfoam/20260505_datadoka/sample/101_0_openfoam_cht_radiation_box,380,380.0,128,293.15988,293.52985,293.16614834574625,293.4848441384655,-0.4,-0.4,0.0,293.15,0.0005300687951630616,0.0010452052009800794,-0.0009764478583542995,0.00014807221682592756,0.0014014967708322426
/mnt/d/work/002_cae/openfoam/20260505_datadoka/sample/101_0_openfoam_cht_radiation_box,385,385.0,128,293.16041,293.52072,293.1667756623834,293.47821355188046,-0.4,-0.4,0.0,293.15,0.0005298492394600872,0.001036083895416668,-0.000960354553785933,0.0001504380229093059,0.0013829762936586145
/mnt/d/work/002_cae/openfoam/20260505_datadoka/sample/101_0_openfoam_cht_radiation_box,390,390.0,128,293.16096,293.51202,293.1674109443722,293.47184643013003,-0.4,-0.4,0.0,293.15,0.0005296271792706577,0.001027128234678516,-0.0009445403949536465,0.0001527346163351119,0.0013648354722133433
/mnt/d/work/002_cae/openfoam/20260505_datadoka/sample/101_0_openfoam_cht_radiation_box,395,395.0,128,293.16152,293.50375,293.16805215706427,293.46573549229663,-0.4,-0.4,0.0,293.15,0.0005293957945374022,0.001018325729132924,-0.0009289914609381932,0.00015497343036680928,0.0013470528856666588
/mnt/d/work/002_cae/openfoam/20260505_datadoka/sample/101_0_openfoam_cht_radiation_box,400,400.0,128,293.16209,293.49586,293.1687033697563,293.45986360351765,-0.4,-0.4,0.0,293.15,0.0005291570879300286,0.001009665955465095,-0.0009137006629314717,0.00015715339671929402,0.0013296135329284233
/mnt/d/work/002_cae/openfoam/20260505_datadoka/sample/101_0_openfoam_cht_radiation_box,405,405.0,128,293.16267,293.48834,293.1693566170968,293.4542203442822,-0.4,-0.4,0.0,293.15,0.0005289195357454717,0.0010011612252483774,-0.0008986623280869941,0.00015927817622883562,0.001312524018345738
/mnt/d/work/002_cae/openfoam/20260505_datadoka/sample/101_0_openfoam_cht_radiation_box,410,410.0,128,293.16326,293.48117,293.17001765654726,293.44879500296935,-0.4,-0.4,0.0,293.15,0.0005286740816481945,0.0009927958416893375,-0.0008838688888217525,0.000161339289837517,0.0012957667582621857
/mnt/d/work/002_cae/openfoam/20260505_datadoka/sample/101_0_openfoam_cht_radiation_box,415,415.0,128,293.16386,293.47431,293.17068276529426,293.4435723061232,-0.4,-0.4,0.0,293.15,0.000528426580203172,0.0009845905191693718,-0.0008693588933185874,0.00016335063299624655,0.0012793787264507985
/mnt/d/work/002_cae/openfoam/20260505_datadoka/sample/101_0_openfoam_cht_radiation_box,420,420.0,128,293.16447,293.46776,293.17135770079966,293.43854482677114,-0.4,-0.4,0.0,293.15,0.0005281797159428579,0.0009765166300599711,-0.0008550684060603112,0.0001653109946232681,0.0012632945234589436
/mnt/d/work/002_cae/openfoam/20260505_datadoka/sample/101_0_openfoam_cht_radiation_box,425,425.0,128,293.16509,293.46149,293.17203467095334,293.43369785702316,-0.4,-0.4,0.0,293.15,0.0005279292318360758,0.0009685901717329291,-0.0008410294728826548,0.00016722488854971986,0.0012475475546679942
/mnt/d/work/002_cae/openfoam/20260505_datadoka/sample/101_0_openfoam_cht_radiation_box,430,430.0,128,293.16572,293.45549,293.172715537162,293.4290315429342,-0.4,-0.4,0.0,293.15,0.0005276784296750251,0.0009608001288844887,-0.0008272274735183872,0.00016908579544268993,0.0012321185212107455
/mnt/d/work/002_cae/openfoam/20260505_datadoka/sample/101_0_openfoam_cht_radiation_box,435,435.0,128,293.16636,293.44975,293.173398438019,293.42453031893837,-0.4,-0.4,0.0,293.15,0.000527424163677797,0.0009531411194874848,-0.0008136583033113627,0.00017090374689521573,0.0012169998333253413
/mnt/d/work/002_cae/openfoam/20260505_datadoka/sample/101_0_openfoam_cht_radiation_box,440,440.0,128,293.16701,293.44423,293.1740872695792,293.42018276179397,-0.4,-0.4,0.0,293.15,0.000527169677797452,0.000945622534838049,-0.0008003253101797018,0.00017267162291060705,0.0012021991282489004
/mnt/d/work/002_cae/openfoam/20260505_datadoka/sample/101_0_openfoam_cht_radiation_box,445,445.0,128,293.16766,293.43895,293.17477999719455,293.4159930138251,-0.4,-0.4,0.0,293.15,0.000526914526017433,0.0009382337677836534,-0.0007872224112482739,0.00017439582976525424,0.001187701341402051
/mnt/d/work/002_cae/openfoam/20260505_datadoka/sample/101_0_openfoam_cht_radiation_box,450,450.0,128,293.16832,293.43387,293.1754727248098,293.4119405824934,-0.4,-0.4,0.0,293.15,0.0005266559337400718,0.0009309670970303573,-0.0007743340380195638,0.00017607630005419265,0.001173491576054325
/mnt/d/work/002_cae/openfoam/20260505_datadoka/sample/101_0_openfoam_cht_radiation_box,455,455.0,128,293.16899,293.429,293.1761693484801,293.4080288254746,-0.4,-0.4,0.0,293.15,0.0005264037560769135,0.0009238350264167659,-0.0007616695487633153,0.00017772088974010464,0.001159581435325881
/mnt/d/work/002_cae/openfoam/20260505_datadoka/sample/101_0_openfoam_cht_radiation_box,460,460.0,128,293.16967,293.42431,293.1768680067986,293.4042445311479,-0.4,-0.4,0.0,293.15,0.0005261452924844638,0.0009168206484464557,-0.0007492147274092495,0.00017931543138105787,0.001145960330346357
/mnt/d/work/002_cae/openfoam/20260505_datadoka/sample/101_0_openfoam_cht_radiation_box,465,465.0,128,293.17035,293.4198,293.17756649187544,293.4005837762717,-0.4,-0.4,0.0,293.15,0.000525887705021684,0.000909930284659305,-0.000736982292322714,0.00018088145354753046,0.0011326885280037316
/mnt/d/work/002_cae/openfoam/20260505_datadoka/sample/101_0_openfoam_cht_radiation_box,470,470.0,128,293.17103,293.41546,293.17826701160067,293.39704241852166,-0.4,-0.4,0.0,293.15,0.0005256345469998658,0.0009031595557050268,-0.0007249447652891564,0.00018240095953839155,0.001119679914334601
/mnt/d/work/002_cae/openfoam/20260505_datadoka/sample/101_0_openfoam_cht_radiation_box,475,475.0,128,293.17172,293.41128,293.1789693927324,293.39361631557364,-0.4,-0.4,0.0,293.15,0.0005253796860183043,0.0008965065964396768,-0.0007131165708448745,0.00018389355502320168,0.0011069371465982907
/mnt/d/work/002_cae/openfoam/20260505_datadoka/sample/101_0_openfoam_cht_radiation_box,480,480.0,128,293.17242,293.40725,293.17967177386424,293.39029490186175,-0.4,-0.4,0.0,293.15,0.0005251206708976749,0.0008899632931708614,-0.0007014897793558723,0.0001853396560201124,0.0010944541128938567
/mnt/d/work/002_cae/openfoam/20260505_datadoka/sample/101_0_openfoam_cht_radiation_box,485,485.0,128,293.17312,293.40337,293.180374154996,293.3870797466827,-0.4,-0.4,0.0,293.15,0.000524867743113393,0.0008835404428781093,-0.0006900564912896294,0.00018675435822178995,0.0010822293199433844
/mnt/d/work/002_cae/openfoam/20260505_datadoka/sample/101_0_openfoam_cht_radiation_box,490,490.0,128,293.17382,293.39962,293.1810765361279,293.3839602844705,-0.4,-0.4,0.0,293.15,0.0005246154553140464,0.000877224562288589,-0.0006788120664503566,0.00018813665563598297,0.0010702506986141039
/mnt/d/work/002_cae/openfoam/20260505_datadoka/sample/101_0_openfoam_cht_radiation_box,495,495.0,128,293.17452,293.396,293.1817767093696,293.3809339421977,-0.4,-0.4,0.0,293.15,0.0005243588258235633,0.0008710135494805473,-0.0006677644494313536,0.0001894882725853786,0.001058517505326235
/mnt/d/work/002_cae/openfoam/20260505_datadoka/sample/101_0_openfoam_cht_radiation_box,500,500.0,128,293.17523,293.3925,293.18247502120465,293.3780000082436,-0.4,-0.4,0.0,293.15,0.0005241055540163245,0.0008649091394817723,-0.000656897419875168,0.00019079982414318958,0.001047022683554572
/mnt/d/work/002_cae/openfoam/20260505_datadoka/sample/101_0_openfoam_cht_radiation_box,505,505.0,128,293.17594,293.38913,293.1831731597981,293.37515434028387,-0.4,-0.4,0.0,293.15,0.0005238526104338706,0.0008589128022595188,-0.0006462143908436065,0.00019208202725808275,0.001035769985546867
/mnt/d/work/002_cae/openfoam/20260505_datadoka/sample/101_0_openfoam_cht_radiation_box,510,510.0,128,293.17665,293.38586,293.18387129839147,293.37238951134594,-0.4,-0.4,0.0,293.15,0.0005236022539125075,0.0008530140278103772,-0.0006357065352801619,0.00019334144904989376,0.0010247406160426617
/mnt/d/work/002_cae/openfoam/20260505_datadoka/sample/101_0_openfoam_cht_radiation_box,515,515.0,128,293.17736,293.3827,293.18456536768815,293.3697039521333,-0.4,-0.4,0.0,293.15,0.0005233508331149923,0.0008472249826543863,-0.0006253987538062857,0.00019456355078217809,0.0010139611282364137
/mnt/d/work/002_cae/openfoam/20260505_datadoka/sample/101_0_openfoam_cht_radiation_box,520,520.0,128,293.17808,293.37964,293.1852653676882,293.3670952356733,-0.4,-0.4,0.0,293.15,0.0005231021731649728,0.0008415248346997915,-0.0006152248607785626,0.00019575454108174242,0.0010033760291143937
/mnt/d/work/002_cae/openfoam/20260505_datadoka/sample/101_0_openfoam_cht_radiation_box,525,525.0,128,293.17879,293.37668,293.1859574023365,293.36456078893843,-0.4,-0.4,0.0,293.15,0.0005228516821006318,0.0008359255526636597,-0.0006052476206268999,0.00019691951157535328,0.0009930279170973387
/mnt/d/work/002_cae/openfoam/20260505_datadoka/sample/101_0_openfoam_cht_radiation_box,530,530.0,128,293.1795,293.3738,293.18664333303985,293.362094900308,-0.4,-0.4,0.0,293.15,0.0005226044262806975,0.0008304193199071008,-0.000595428823267803,0.00019805831834396223,0.0009828895598784702
/mnt/d/work/002_cae/openfoam/20260505_datadoka/sample/101_0_openfoam_cht_radiation_box,535,535.0,128,293.18022,293.37102,293.1873312983915,293.35969842745766,-0.4,-0.4,0.0,293.15,0.0005223573613970147,0.0008250120655718968,-0.0005857868154578543,0.00019917469945086166,0.0009729714392144392
/mnt/d/work/002_cae/openfoam/20260505_datadoka/sample/101_0_openfoam_cht_radiation_box,540,540.0,128,293.18093,293.36832,293.1880172290948,293.3573630857391,-0.4,-0.4,0.0,293.15,0.000522109825614386,0.0008196835308584257,-0.000576277834921114,0.00020026498517612394,0.0009632347102474483
/mnt/d/work/002_cae/openfoam/20260505_datadoka/sample/101_0_openfoam_cht_radiation_box,545,545.0,128,293.18164,293.36571,293.188697055853,293.35509223282816,-0.4,-0.4,0.0,293.15,0.0005218601768860697,0.000814449366574148,-0.00056694639228659,0.00020132165276466493,0.0009537176253043575
/mnt/d/work/002_cae/openfoam/20260505_datadoka/sample/101_0_openfoam_cht_radiation_box,550,550.0,128,293.18235,293.36316,293.1893768826113,293.35288508407655,-0.4,-0.4,0.0,293.15,0.0005216185659501745,0.000809307318273069,-0.0005577664460579428,0.00020235672026063127,0.000944400857852904
/mnt/d/work/002_cae/openfoam/20260505_datadoka/sample/101_0_openfoam_cht_radiation_box,555,555.0,128,293.18306,293.3607,293.190048744018,293.3507324241325,-0.4,-0.4,0.0,293.15,0.0005213762867909813,0.0008042540204785134,-0.0005487356332342509,0.00020337181818206538,0.0009352749734508545
/mnt/d/work/002_cae/openfoam/20260505_datadoka/sample/101_0_openfoam_cht_radiation_box,560,560.0,128,293.18377,293.3583,293.19072043218284,293.3486360413753,-0.4,-0.4,0.0,293.15,0.0005211301818529816,0.0007992960930085855,-0.0005398370259371924,0.00020435644236236253,0.0009263245716867352
/mnt/d/work/002_cae/openfoam/20260505_datadoka/sample/101_0_openfoam_cht_radiation_box,565,565.0,128,293.18448,293.35597,293.1913902589411,293.34659265115647,-0.4,-0.4,0.0,293.15,0.0005208940192679266,0.0007944344898519389,-0.0005311108103248877,0.0002053284450411871,0.0009175863540137694
/mnt/d/work/002_cae/openfoam/20260505_datadoka/sample/101_0_openfoam_cht_radiation_box,570,570.0,128,293.18518,293.35371,293.19204991245766,293.34460210742117,-0.4,-0.4,0.0,293.15,0.0005206529765640654,0.0007896522080941963,-0.0005225378123199218,0.00020627273374360542,0.0009090373707980308
/mnt/d/work/002_cae/openfoam/20260505_datadoka/sample/101_0_openfoam_cht_radiation_box,575,575.0,128,293.18588,293.35151,293.19270566991923,293.3426612715759,-0.4,-0.4,0.0,293.15,0.0005204092830201257,0.0007849330943545643,-0.0005140866042147113,0.00020719171337760115,0.0009006464382107745
/mnt/d/work/002_cae/openfoam/20260505_datadoka/sample/101_0_openfoam_cht_radiation_box,580,580.0,128,293.18658,293.34937,293.1933653234357,293.34076842826903,-0.4,-0.4,0.0,293.15,0.000520170016002895,0.0007802948489477032,-0.0005057725481508891,0.00020808738613705321,0.0008924358595798499
/mnt/d/work/002_cae/openfoam/20260505_datadoka/sample/101_0_openfoam_cht_radiation_box,585,585.0,128,293.18727,293.34728,293.19401090765564,293.33892029285226,-0.4,-0.4,0.0,293.15,0.0005199325726503931,0.0007757367955930464,-0.0004976078717589486,0.00020896843519275482,0.0008844084749731736
/mnt/d/work/002_cae/openfoam/20260505_datadoka/sample/101_0_openfoam_cht_radiation_box,590,590.0,128,293.18796,293.34525,293.19465852652377,293.33712014997394,-0.4,-0.4,0.0,293.15,0.000519697466161885,0.0007712520187356624,-0.000489579217869805,0.00020983533508864993,0.0008765505428088031
/mnt/d/work/002_cae/openfoam/20260505_datadoka/sample/101_0_openfoam_cht_radiation_box,595,595.0,128,293.18865,293.34328,293.195296145392,293.3353655726615,-0.4,-0.4,0.0,293.15,0.0005194618014525802,0.0007668348006690804,-0.0004816693523034971,0.000210678669821208,0.0008688498549114675
/mnt/d/work/002_cae/openfoam/20260505_datadoka/sample/101_0_openfoam_cht_radiation_box,600,600.0,128,293.18933,293.34136,293.19593172961186,293.3336507032391,-0.4,-0.4,0.0,293.15,0.000519225402085286,0.0007624923300150542,-0.00047389480620723486,0.00021149532504809913,0.0008613182818492393
