configuration,time_s,Q_mean_W,Q_min_W,Q_max_W,Q_mean_abs_relative_error_pct,h_mean_W_K,h_min_W_K,h_max_W_K,h_mean_abs_relative_error_pct
同化なし(free run),300.0,16.454143307990687,15.276087999112633,18.47831259885521,9.69428871993792,0.021006027981515706,0.02024945695934016,0.02177582972183465,36.837808385436674
同化なし(free run),600.0,16.454143307990687,15.276087999112633,18.47831259885521,9.69428871993792,0.021006027981515706,0.02024945695934016,0.02177582972183465,36.837808385436674
温度1点(熱感度 低),300.0,13.602626438173008,9.777408888872225,16.45572944110439,15.155276430303571,0.0240313791642272,0.020732963518187677,0.02668109351857356,56.545600158484575
温度1点(熱感度 低),600.0,13.95351113250095,11.385422403424792,17.04583490862797,12.432152206334912,0.022182705661942907,0.016527868924394035,0.027087763372159384,44.502941227657104
温度1点(熱感度 高),300.0,12.554119983438502,8.094174363824436,15.270520157418888,17.6141906655686,0.024871922082223982,0.022016541321079663,0.028120607943435814,62.02107847612701
温度1点(熱感度 高),600.0,14.241908862510579,12.598458055068047,15.92095731048471,9.811755771400458,0.023701481130981156,0.01746726566055553,0.030187221981661926,54.39657303637569
温度2点(熱感度 上位2),300.0,15.488260675513818,14.787779983375202,16.3420780573478,4.347112850993513,0.02204215239275003,0.011934632484041665,0.02977527414504722,52.48943619423196
温度2点(熱感度 上位2),600.0,15.415499642684873,14.718821330744396,15.983800641385612,3.873608062768097,0.020436894721989587,0.012698827369813979,0.030623103759231513,40.04118833270175
温度2点+変位2点,300.0,14.835260910869925,14.307636108945475,15.66249167083758,3.5900728623275446,0.022235463973702962,0.016946575091942053,0.02493516782705937,44.84662027834265
温度2点+変位2点,600.0,14.881872443867113,14.257589189120637,15.525419420555671,2.538145882751859,0.021834379485507774,0.01553810254607817,0.03419474099444351,42.23386919611429
